id;creation_date;name;email;feedback
1;2021-06-22T00:12:10;system b Rufiyaa;Flavien_Laine@yahoo.fr;interface hard
2;2021-06-22T09:37:32;generation one-to-one maximized;Amliane.Adam82@hotmail.fr;Baby
3;2021-06-22T11:17:17;scalable Midi-Pyrénées projection;Anatolie49@hotmail.fr;indexing
4;2021-06-22T03:56:01;calculate Fresh;Florestan_Adam@hotmail.fr;Maldives
5;2021-06-22T08:46:58;efficient orchid;Armance_Vincent@yahoo.fr;Account
6;2021-06-22T11:30:06;connect;Hugues84@hotmail.fr;Networked Wooden navigate
7;2021-06-22T03:07:06;e-enable Card;Bastien_Renaud@gmail.com;Handcrafted Money
8;2021-06-22T13:25:56;HTTP;lie.Pons@gmail.com;de AI enhance
9;2021-06-21T21:46:42;Allemagne;Arsne42@gmail.com;Tchad
10;2021-06-21T17:32:06;Intelligent Handmade;Arolde72@yahoo.fr;Rubber feed
